Date,Open,High,Low,Close,Volume
2010-11-12,12.41,12.61,12.41,12.47,14686500
2010-11-15,12.59,12.67,12.48,12.49,12628100
2010-11-16,12.37,12.56,12.29,12.34,17121600
2010-11-17,12.36,12.50,12.22,12.26,14793200
2010-11-18,12.44,12.72,12.38,12.52,21840500
2010-11-19,12.48,12.53,12.37,12.41,16923000
2010-11-22,12.35,12.61,12.34,12.48,15045100
2010-11-23,12.35,12.45,12.30,12.36,11613000
2010-11-24,12.48,12.71,12.42,12.54,11024600
2010-11-26,12.52,12.65,12.51,12.48,4026200